tirle, title
0.001,502.5132059
randomBS,
0.002,505.0260148
0.003,507.5380302
